key,name,iataCode,operationalScope,city,country,website,email,phoneNumber
#base entity
airport-00,Aeropuerto Sevilla,AAA,INTERNATIONAL,Sevilla,España,https://www.aena.es/es/sevilla.html,aenasevilla@aenacorp.es,+633921019

#name - variations
airport-01,"Santa Cruz Airport","SCA",DOMESTIC,"Tenerife","España",https://santacruzairport.acme.com,santacruzair@gamil.com,+34999999999
airport-02,Lorem ipsum dolor sit amet. consectetur adipiscin,AAC,INTERNATIONAL,Michigan,Estados Unidos,https://www.aena.es/es/sevilla.html,aenasevilla@aenacorp.es,+633921019
airport-03,Lorem ipsum dolor sit amet. consectetur adipiscing,AAD,INTERNATIONAL,New York,Estados Unidos,https://www.aena.es/es/sevilla.html,aenasevilla@aenacorp.es,+633921019
airport-04,โลเร็ม อิปซัม,AAE,INTERNATIONAL,Sevilla,España,https://www.aena.es/es/sevilla.html,aenasevilla@aenacorp.es,+633921019
airport-05,لوريم إيبسوم,AAF,INTERNATIONAL,Londres,Reino Unido,https://www.aena.es/es/sevilla.html,aenasevilla@aenacorp.es,+633921019
airport-06,洛伦·伊普森,AAG,INTERNATIONAL,Sevilla,España,https://www.aena.es/es/sevilla.html,aenasevilla@aenacorp.es,+633921019
airport-07,"' or 'A' = 'A","SCG",DOMESTIC,"Tenerife","España",https://santacruzairport.acme.com,santacruzair@gamil.com,+34999999999
airport-08,"<marquee>Hacked</marquee>","SCH",DOMESTIC,"Tenerife","España",https://santacruzairport.acme.com,santacruzair@gamil.com,+34999999999
airport-09,"<script>alert(‘Hacked!’);</script>","SCI",DOMESTIC,"Tenerife","España",https://santacruzairport.acme.com,santacruzair@gamil.com,+34999999999

#operationalScope - variations
airport-10,Aeropuerto Sevilla,AAK,REGIONAL,Sevilla,España,https://www.aena.es/es/sevilla.html,aenasevilla@aenacorp.es,+633921019
airport-11,Aeropuerto Sevilla,AAL,INTERNATIONAL,Sevilla,España,https://www.aena.es/es/sevilla.html,aenasevilla@aenacorp.es,+633921019
airport-12,Aeropuerto Sevilla,AAM,DOMESTIC,Sevilla,España,https://www.aena.es/es/sevilla.html,aenasevilla@aenacorp.es,+633921019

#city - variations
airport-13,Aeropuerto Sevilla,AAN,INTERNATIONAL,L,España,https://www.aena.es/es/sevilla.html,aenasevilla@aenacorp.es,+633921032
airport-14,Aeropuerto Sevilla,AAO,INTERNATIONAL,Lorem ipsum dolor sit amet. consectetur adipiscin,España,https://www.aena.es/es/sevilla.html,aenasevilla@aenacorp.es,+633921019
airport-15,"San Cristóbal Domestic","SFF",DOMESTIC,"San Cristóbal","España",https://sancristobaldomestic.acme.com,sancristobaldomestic@acme.com,+34987777777
airport-16,Aeropuerto Sevilla,AAQ,INTERNATIONAL,โลเร็ม อิปซัม,España,https://www.aena.es/es/sevilla.html,aenasevilla@aenacorp.es,+633921019
airport-17,"La Laguna International","LAX",INTERNATIONAL,"La Laguna","España",https://lagunainternational.acme.com,lagunainternational@acme.com,+34988888888
airport-18,Aeropuerto Sevilla,AAS,INTERNATIONAL,洛伦·伊普森,España,https://www.aena.es/es/sevilla.html,aenasevilla@aenacorp.es,+633921019
airport-19,Aeropuerto Sevilla,AAT,INTERNATIONAL,<marquee>Hacked</marquee>,España,https://www.aena.es/es/sevilla.html,aenasevilla@aenacorp.es,+633921019
airport-20,Aeropuerto Sevilla,AAU,INTERNATIONAL,<script>alert(‘Hacked!’);</script>,España,https://www.aena.es/es/sevilla.html,aenasevilla@aenacorp.es,+633921019
airport-21,Aeropuerto Sevilla,AAV,INTERNATIONAL,' or 'A' = 'A,España,https://www.aena.es/es/sevilla.html,aenasevilla@aenacorp.es,+633921019

#country - variations
airport-22,Aeropuerto Sevilla,AAW,INTERNATIONAL,Sevilla,L,https://www.aena.es/es/sevilla.html,aenasevilla@aenacorp.es,+633921019
airport-23,Aeropuerto Sevilla,AAX,INTERNATIONAL,Sevilla,Lorem ipsum dolor sit amet. consectetur adipiscin,https://www.aena.es/es/sevilla.html,aenasevilla@aenacorp.es,+633921019
airport-24,Aeropuerto Sevilla,AAY,INTERNATIONAL,Sevilla,Lorem ipsum dolor sit amet. consectetur adipiscing,https://www.aena.es/es/sevilla.html,aenasevilla@aenacorp.es,+633921019
airport-25,Aeropuerto Sevilla,AAZ,INTERNATIONAL,Sevilla,โลเร็ม อิปซัม,https://www.aena.es/es/sevilla.html,aenasevilla@aenacorp.es,+633921019
airport-26,Aeropuerto Sevilla,ABA,INTERNATIONAL,Sevilla,لوريم إيبسوم,https://www.aena.es/es/sevilla.html,aenasevilla@aenacorp.es,+633921019

#email - variations
airport-48,Aeropuerto Sevilla,ABW,INTERNATIONAL,Sevilla,España,https://www.aena.es/es/sevilla.html,acme@lorem-ipsum.org,+633921019
airport-49,Aeropuerto Sevilla,ABX,INTERNATIONAL,Sevilla,España,https://www.aena.es/es/sevilla.html,acme@lorem-ipsum.org,+633921019
airport-50,Aeropuerto Sevilla,ABY,INTERNATIONAL,Sevilla,España,https://www.aena.es/es/sevilla.html,a@b.es,+633921019